method,budget,seed,CalotTriangleDissection,CleaningCoagulation,ClippingCutting,GallbladderDissection,GallbladderExtraction,GallbladderPackaging,Preparation
random,0.05,0,0.5763418447107869,0.10256410256410256,0.6173020527859238,0.2206148282097649,0.37593984962406013,0.2222222222222222,0.2896551724137931
random,0.05,1,0.5471698113207547,0.02702702702702703,0.47912524850894633,0.2722063037249284,0.2831858407079646,0.2222222222222222,0.27702702702702703
random,0.05,2,0.5864801864801865,0.12371134020618557,0.5460930640913082,0.22895622895622897,0.48951048951048953,0.21052631578947367,0.3026315789473684
random,0.05,3,0.481767955801105,0.047058823529411764,0.5408496732026143,0.24700239808153476,0.36231884057971014,0.11494252873563218,0.26785714285714285
random,0.05,4,0.4997223764575236,0.0,0.521594684385382,0.23142250530785563,0.16216216216216217,0.2222222222222222,0.2572614107883817
random,0.1,0,0.5947289905519642,0.11570247933884298,0.6053067993366501,0.22903225806451613,0.45161290322580644,0.4048582995951417,0.37551020408163266
random,0.1,1,0.5418912297893189,0.03571428571428571,0.5116713352007469,0.2536443148688047,0.3442622950819672,0.34,0.2867132867132867
random,0.1,2,0.6166194523135033,0.10084033613445378,0.5858761987794245,0.23776223776223776,0.484375,0.33707865168539325,0.26282051282051283
random,0.1,3,0.5422177009155646,0.057692307692307696,0.5378850957535387,0.2541899441340782,0.4067796610169492,0.27807486631016043,0.2907801418439716
random,0.1,4,0.556390977443609,0.08333333333333333,0.5399828030954428,0.21458046767537828,0.42276422764227645,0.36464088397790057,0.2837370242214533
stratified,0.05,0,0.5119565217391304,0.1188118811881188,0.4661957618567104,0.26229508196721313,0.39705882352941174,0.29850746268656714,0.2462686567164179
stratified,0.05,1,0.575553416746872,0.021052631578947368,0.5644171779141104,0.18832391713747645,0.5151515151515151,0.1927710843373494,0.26119402985074625
stratified,0.05,2,0.5656665027053616,0.022988505747126436,0.5446428571428571,0.22476190476190477,0.16,0.30275229357798167,0.26217228464419473
stratified,0.05,3,0.5410677618069816,0.06382978723404255,0.5320456540825286,0.22277227722772278,0.5369127516778524,0.1925133689839572,0.2570281124497992
stratified,0.05,4,0.5441696113074205,0.039603960396039604,0.48794063079777367,0.2538860103626943,0.3728813559322034,0.3020408163265306,0.27956989247311825
stratified,0.1,0,0.5569347004856988,0.09448818897637795,0.5938566552901023,0.2916666666666667,0.5324675324675324,0.32124352331606215,0.32432432432432434
stratified,0.1,1,0.5656862745098039,0.1111111111111111,0.5477707006369427,0.22873082287308227,0.5,0.43820224719101125,0.2876712328767123
stratified,0.1,2,0.5812379110251451,0.10526315789473684,0.5527638190954773,0.22291021671826625,0.5035971223021583,0.14814814814814814,0.32669322709163345
stratified,0.1,3,0.5701402805611222,0.07751937984496124,0.5767857142857142,0.2955801104972376,0.4,0.36213991769547327,0.3700440528634361
stratified,0.1,4,0.5458399576046635,0.17333333333333334,0.5885206143896524,0.24776119402985075,0.543046357615894,0.27472527472527475,0.3367003367003367
vision,0.05,0,0.49376017362995117,0.038834951456310676,0.5528571428571428,0.23739837398373984,0.3937007874015748,0.3843137254901961,0.39826839826839827
vision,0.05,1,0.5797101449275363,0.07692307692307693,0.5626515763945028,0.23809523809523808,0.24528301886792453,0.23853211009174313,0.35856573705179284
vision,0.05,2,0.5863613738178198,0.061068702290076333,0.5862068965517241,0.17656500802568217,0.24528301886792453,0.3153526970954357,0.35772357723577236
vision,0.05,3,0.5759268664296597,0.0,0.5252707581227437,0.2877871825876663,0.3902439024390244,0.25906735751295334,0.2727272727272727
vision,0.05,4,0.5335589396503102,0.11594202898550725,0.5541195476575121,0.2888086642599278,0.26785714285714285,0.25120772946859904,0.2909090909090909
vision,0.1,0,0.5943255350920856,0.09271523178807947,0.5980392156862745,0.22439024390243903,0.25688073394495414,0.2159090909090909,0.32413793103448274
vision,0.1,1,0.5508162190626645,0.09615384615384616,0.5933456561922366,0.27901785714285715,0.47244094488188976,0.3350253807106599,0.26765799256505574
vision,0.1,2,0.5958055290753098,0.10101010101010101,0.5852842809364549,0.2222222222222222,0.5190839694656488,0.33519553072625696,0.3194888178913738
vision,0.1,3,0.6191352345906164,0.08928571428571429,0.5620253164556962,0.1807909604519774,0.4297520661157025,0.3778801843317972,0.3418803418803419
vision,0.1,4,0.5436590436590436,0.06382978723404255,0.5830508474576271,0.25,0.4262295081967213,0.36649214659685864,0.3193916349809886
multimodal,0.05,0,0.5699797160243407,0.028985507246376812,0.5789043336058871,0.2870662460567823,0.4496124031007752,0.3761467889908257,0.3384615384615385
multimodal,0.05,1,0.5250412768299395,0.09195402298850575,0.5629370629370629,0.2912621359223301,0.43410852713178294,0.35797665369649806,0.3291139240506329
multimodal,0.05,2,0.5532128514056225,0.06722689075630252,0.5686274509803921,0.2368,0.3709677419354839,0.32075471698113206,0.302158273381295
multimodal,0.05,3,0.5513227513227513,0.06896551724137931,0.560352422907489,0.2860576923076923,0.5185185185185185,0.34782608695652173,0.24113475177304963
multimodal,0.05,4,0.6102175969725638,0.07017543859649122,0.5465414175918019,0.21805792163543442,0.46875,0.19718309859154928,0.3319838056680162
multimodal,0.1,0,0.5753830944142363,0.11428571428571428,0.5960591133004927,0.2222222222222222,0.4462809917355372,0.2681564245810056,0.29133858267716534
multimodal,0.1,1,0.5120350109409191,0.1016949152542373,0.5820379965457686,0.2777777777777778,0.5413533834586466,0.36666666666666664,0.2525597269624573
multimodal,0.1,2,0.5463709677419355,0.10294117647058823,0.5634295713035871,0.2275449101796407,0.45925925925925926,0.35294117647058826,0.27218934911242604
multimodal,0.1,3,0.5704365079365079,0.0761904761904762,0.5631709331131296,0.21571648690292758,0.4580152671755725,0.44878048780487806,0.3424124513618677
multimodal,0.1,4,0.5326370757180157,0.0684931506849315,0.5910999160369438,0.2723521320495186,0.3968253968253968,0.24,0.2507836990595611
full,1.0,0,0.6567441860465116,0.3780487804878049,0.6256880733944954,0.2624113475177305,0.5074626865671642,0.6069651741293532,0.2952029520295203
